{
  "project_info": {
    "project_number": "98976280347",
    "firebase_url": "https://dubaolu-5559b-default-rtdb.asia-southeast1.firebasedatabase.app",
    "project_id": "dubaolu-5559b",
    "storage_bucket": "dubaolu-5559b.firebasestorage.app"
  },
  "client": [
    {
      "client_info": {
        "mobilesdk_app_id": "1:98976280347:android:ac1ad89df65635641cedbe",
        "android_client_info": {
          "package_name": "com.example.dubaolu"
        }
      },
      "oauth_client": [],
      "api_key": [
        {
          "current_key": "AIzaSyCtv3QyLIWX2yVzg4QznUllD8BlvNANG7Q"
        }
      ],
      "services": {
        "appinvite_service": {
          "other_platform_oauth_client": []
        }
      }
    }
  ],
  "configuration_version": "1"
}